ticker,name,sector,industry,country,market_cap,exchange,currency,last_updated
FDS,FactSet Research Systems Inc.,Financial Services,Financial Data & Stock Exchanges,United States,10695876608.0,NYQ,USD,2025-10-16 17:06:42.075720
ITX.MC,"Industria de Diseño Textil, S.A.",Consumer Cyclical,Apparel Retail,Spain,149866086400.0,MCE,EUR,2025-10-16 17:06:43.158043
NOW,"ServiceNow, Inc.",Technology,Software - Application,United States,190146543616.0,NYQ,USD,2025-10-16 17:06:44.159094
TYL,"Tyler Technologies, Inc.",Technology,Software - Application,United States,21676328960.0,NYQ,USD,2025-10-16 17:06:45.336030
AXP,American Express Company,Financial Services,Credit Services,United States,228451188736.0,NYQ,USD,2025-10-16 17:06:46.392869
SBUX,Starbucks Corporation,Consumer Cyclical,Restaurants,United States,95977267200.0,NMS,USD,2025-10-16 17:06:47.503725
WDAY,"Workday, Inc.",Technology,Software - Application,United States,62395232256.0,NMS,USD,2025-10-16 17:06:48.611047
CDNS,"Cadence Design Systems, Inc.",Technology,Software - Application,United States,88608292864.0,NMS,USD,2025-10-16 17:06:49.808692
SLB,SLB N.V.,Energy,Oil & Gas Equipment & Services,United States,48692981760.0,NYQ,USD,2025-10-16 17:06:50.950497
AXON,"Axon Enterprise, Inc.",Industrials,Aerospace & Defense,United States,51852169216.0,NMS,USD,2025-10-16 17:06:52.069963
MPWR,"Monolithic Power Systems, Inc.",Technology,Semiconductors,United States,49326362624.0,NMS,USD,2025-10-16 17:06:53.082938
DG.PA,Vinci SA,Industrials,Engineering & Construction,France,67838210048.0,PAR,EUR,2025-10-16 17:06:54.319598
PEG,Public Service Enterprise Group Incorporated,Utilities,Utilities - Regulated Electric,United States,42611425280.0,NYQ,USD,2025-10-16 17:06:55.438895
UPS,"United Parcel Service, Inc.",Industrials,Integrated Freight & Logistics,United States,71823048704.0,NYQ,USD,2025-10-16 17:06:56.574218
KIM,Kimco Realty Corporation,Real Estate,REIT - Retail,United States,14685091840.0,NYQ,USD,2025-10-16 17:06:57.791871
JKHY,"Jack Henry & Associates, Inc.",Technology,Information Technology Services,United States,11316151296.0,NMS,USD,2025-10-16 17:06:58.937984
TPR,"Tapestry, Inc.",Consumer Cyclical,Luxury Goods,United States,24404914176.0,NYQ,USD,2025-10-16 17:07:00.009976
MKC,"McCormick & Company, Incorporated",Consumer Defensive,Packaged Foods,United States,17780410368.0,NYQ,USD,2025-10-16 17:07:01.095931
MS,Morgan Stanley,Financial Services,Capital Markets,United States,261051285504.0,NYQ,USD,2025-10-16 17:07:02.225002
PFE,Pfizer Inc.,Healthcare,Drug Manufacturers - General,United States,139096997888.0,NYQ,USD,2025-10-16 17:07:03.394812
CHD,"Church & Dwight Co., Inc.",Consumer Defensive,Household & Personal Products,United States,21330376704.0,NYQ,USD,2025-10-16 17:07:04.456669
PPL,PPL Corporation,Utilities,Utilities - Regulated Electric,United States,28042418176.0,NYQ,USD,2025-10-16 17:07:05.597998
L,Loews Corporation,Financial Services,Insurance - Property & Casualty,United States,20468836352.0,NYQ,USD,2025-10-16 17:07:06.692080
ZTS,Zoetis Inc.,Healthcare,Drug Manufacturers - Specialty & Generic,United States,63324270592.0,NYQ,USD,2025-10-16 17:07:07.868924
SCHW,The Charles Schwab Corporation,Financial Services,Capital Markets,United States,173961543680.0,NYQ,USD,2025-10-16 17:07:08.987142
ED,"Consolidated Edison, Inc.",Utilities,Utilities - Regulated Electric,United States,36930732032.0,NYQ,USD,2025-10-16 17:07:10.100063
FANG,"Diamondback Energy, Inc.",Energy,Oil & Gas E&P,United States,41147555840.0,NMS,USD,2025-10-16 17:07:11.083505
CTVA,"Corteva, Inc.",Basic Materials,Agricultural Inputs,United States,42063454208.0,NYQ,USD,2025-10-16 17:07:12.174332
ROK,"Rockwell Automation, Inc.",Industrials,Specialty Industrial Machinery,United States,39203061760.0,NYQ,USD,2025-10-16 17:07:13.227609
BAYN.DE,Bayer Aktiengesellschaft,Healthcare,Drug Manufacturers - General,Germany,26486151168.0,GER,EUR,2025-10-16 17:07:14.243647
DOW,Dow Inc.,Basic Materials,Chemicals,United States,15392550912.0,NYQ,USD,2025-10-16 17:07:15.690000
PYPL,"PayPal Holdings, Inc.",Financial Services,Credit Services,United States,64679116800.0,NMS,USD,2025-10-16 17:07:16.802069
O,Realty Income Corporation,Real Estate,REIT - Retail,United States,54643503104.0,NYQ,USD,2025-10-16 17:07:17.844043
ENPH,"Enphase Energy, Inc.",Technology,Solar,United States,4943686656.0,NGM,USD,2025-10-16 17:07:18.858726
ELV,"Elevance Health, Inc.",Healthcare,Healthcare Plans,United States,78646902784.0,NYQ,USD,2025-10-16 17:07:19.912836
LII,Lennox International Inc.,Industrials,Building Products & Equipment,United States,18421893120.0,NYQ,USD,2025-10-16 17:07:21.015922
ADSK,"Autodesk, Inc.",Technology,Software - Application,United States,65167351808.0,NMS,USD,2025-10-16 17:07:22.019716
TRMB,Trimble Inc.,Technology,Scientific & Technical Instruments,United States,18622269440.0,NMS,USD,2025-10-16 17:07:23.124437
COP,ConocoPhillips,Energy,Oil & Gas E&P,United States,109632159744.0,NYQ,USD,2025-10-16 17:07:24.265657
CVS,CVS Health Corporation,Healthcare,Healthcare Plans,United States,103165665280.0,NYQ,USD,2025-10-16 17:07:25.310261
NRG,"NRG Energy, Inc.",Utilities,Utilities - Independent Power Producers,United States,32730427392.0,NYQ,USD,2025-10-16 17:07:26.460868
AEP,"American Electric Power Company, Inc.",Utilities,Utilities - Regulated Electric,United States,64036323328.0,NMS,USD,2025-10-16 17:07:27.706857
CINF,Cincinnati Financial Corporation,Financial Services,Insurance - Property & Casualty,United States,23885715456.0,NMS,USD,2025-10-16 17:07:28.818236
REGN,"Regeneron Pharmaceuticals, Inc.",Healthcare,Biotechnology,United States,61862219776.0,NMS,USD,2025-10-16 17:07:30.220408
BAX,Baxter International Inc.,Healthcare,Medical Instruments & Supplies,United States,11926280192.0,NYQ,USD,2025-10-16 17:07:31.385435
BR,"Broadridge Financial Solutions, Inc.",Technology,Information Technology Services,United States,26793631744.0,NYQ,USD,2025-10-16 17:07:32.528553
LLY,Eli Lilly and Company,Healthcare,Drug Manufacturers - General,United States,742270697472.0,NYQ,USD,2025-10-16 17:07:33.600829
HRL,Hormel Foods Corporation,Consumer Defensive,Packaged Foods,United States,13109213184.0,NYQ,USD,2025-10-16 17:07:34.586847
EL,The Estée Lauder Companies Inc.,Consumer Defensive,Household & Personal Products,United States,34929414144.0,NYQ,USD,2025-10-16 17:07:35.647598
NOC,Northrop Grumman Corporation,Industrials,Aerospace & Defense,United States,86357950464.0,NYQ,USD,2025-10-16 17:07:36.750774
CRM,"Salesforce, Inc.",Technology,Software - Application,United States,235053563904.0,NYQ,USD,2025-10-16 17:07:37.799957
V,Visa Inc.,Financial Services,Credit Services,United States,663045144576.0,NYQ,USD,2025-10-16 17:07:38.972829
AME,"AMETEK, Inc.",Industrials,Specialty Industrial Machinery,United States,42821173248.0,NYQ,USD,2025-10-16 17:07:40.072471
APTV,Aptiv PLC,Consumer Cyclical,Auto Parts,Switzerland,18203631616.0,NYQ,USD,2025-10-16 17:07:41.108040
KKR,KKR & Co. Inc.,Financial Services,Asset Management,United States,112644710400.0,NYQ,USD,2025-10-16 17:07:42.218644
LOW,"Lowe's Companies, Inc.",Consumer Cyclical,Home Improvement Retail,United States,135548575744.0,NYQ,USD,2025-10-16 17:07:43.409970
PSA,Public Storage,Real Estate,REIT - Industrial,United States,53544259584.0,NYQ,USD,2025-10-16 17:07:44.707164
CSGP,"CoStar Group, Inc.",Real Estate,Real Estate Services,United States,31807629312.0,NMS,USD,2025-10-16 17:07:45.733207
PHIA.AS,Koninklijke Philips N.V.,Healthcare,Medical Devices,Netherlands,23060936704.0,AMS,EUR,2025-10-16 17:07:46.984089
ICE,"Intercontinental Exchange, Inc.",Financial Services,Financial Data & Stock Exchanges,United States,89183518720.0,NYQ,USD,2025-10-16 17:07:48.042857
STLD,"Steel Dynamics, Inc.",Basic Materials,Steel,United States,21304920064.0,NMS,USD,2025-10-16 17:07:49.066982
SYY,Sysco Corporation,Consumer Defensive,Food Distribution,United States,38266241024.0,NYQ,USD,2025-10-16 17:07:50.059915
URI,"United Rentals, Inc.",Industrials,Rental & Leasing Services,United States,65488752640.0,NYQ,USD,2025-10-16 17:07:51.192059
MSFT,Microsoft Corporation,Technology,Software - Infrastructure,United States,3826891620352.0,NMS,USD,2025-10-16 17:07:52.336736
AMCR,Amcor plc,Consumer Cyclical,Packaging & Containers,Switzerland,18824675328.0,NYQ,USD,2025-10-16 17:07:53.373167
AMT,American Tower Corporation,Real Estate,REIT - Specialty,United States,89841025024.0,NYQ,USD,2025-10-16 17:07:54.386582
SO,The Southern Company,Utilities,Utilities - Regulated Electric,United States,110227603456.0,NYQ,USD,2025-10-16 17:07:55.535889
ECL,Ecolab Inc.,Basic Materials,Specialty Chemicals,United States,77199859712.0,NYQ,USD,2025-10-16 17:07:56.537745
MOH,"Molina Healthcare, Inc.",Healthcare,Healthcare Plans,United States,10337837056.0,NYQ,USD,2025-10-16 17:07:57.618969
WMT,Walmart Inc.,Consumer Defensive,Discount Stores,United States,860111962112.0,NYQ,USD,2025-10-16 17:08:02.278807
HON,Honeywell International Inc.,Industrials,Conglomerates,United States,129607786496.0,NMS,USD,2025-10-16 17:08:03.618232
NESN.SW,Nestlé S.A.,Consumer Defensive,Packaged Foods,Switzerland,212686340096.0,EBS,CHF,2025-10-16 17:08:04.745526
REG,Regency Centers Corporation,Real Estate,REIT - Retail,United States,13207418880.0,NMS,USD,2025-10-16 17:08:06.084341
NVR,"NVR, Inc.",Consumer Cyclical,Residential Construction,United States,20977319936.0,NYQ,USD,2025-10-16 17:08:07.158460
JCI,Johnson Controls International plc,Industrials,Building Products & Equipment,Ireland,72008572928.0,NYQ,USD,2025-10-16 17:08:08.255437
NEM,Newmont Corporation,Basic Materials,Gold,United States,107181219840.0,NYQ,USD,2025-10-16 17:08:09.437083
EIX,Edison International,Utilities,Utilities - Regulated Electric,United States,22020202496.0,NYQ,USD,2025-10-16 17:08:10.562806
BBY,"Best Buy Co., Inc.",Consumer Cyclical,Specialty Retail,United States,16471939072.0,NYQ,USD,2025-10-16 17:08:11.685350
XYZ,"Block, Inc.",Technology,Software - Infrastructure,United States,47181803520.0,NYQ,USD,2025-10-16 17:08:12.844799
BA,The Boeing Company,Industrials,Aerospace & Defense,United States,161424539648.0,NYQ,USD,2025-10-16 17:08:13.877195
NDAQ,"Nasdaq, Inc.",Financial Services,Financial Data & Stock Exchanges,United States,51457957888.0,NMS,USD,2025-10-16 17:08:14.952053
IVZ,Invesco Ltd.,Financial Services,Asset Management,United States,10417714176.0,NYQ,USD,2025-10-16 17:08:15.962544
KDP,Keurig Dr Pepper Inc.,Consumer Defensive,Beverages - Non-Alcoholic,United States,37445271552.0,NMS,USD,2025-10-16 17:08:17.014147
SHW,The Sherwin-Williams Company,Basic Materials,Specialty Chemicals,United States,82670198784.0,NYQ,USD,2025-10-16 17:08:18.432075
CMI,Cummins Inc.,Industrials,Specialty Industrial Machinery,United States,58647248896.0,NYQ,USD,2025-10-16 17:08:19.597343
ABI.BR,Anheuser-Busch InBev SA/NV,Consumer Defensive,Beverages - Brewers,Belgium,102787080192.0,BRU,EUR,2025-10-16 17:08:20.844964
FE,FirstEnergy Corp.,Utilities,Utilities - Regulated Electric,United States,27475765248.0,NYQ,USD,2025-10-16 17:08:22.353172
WFC,Wells Fargo & Company,Financial Services,Banks - Diversified,United States,271249408000.0,NYQ,USD,2025-10-16 17:08:23.643967
AFL,Aflac Incorporated,Financial Services,Insurance - Life,United States,57430204416.0,NYQ,USD,2025-10-16 17:08:24.668982
MCHP,Microchip Technology Incorporated,Technology,Semiconductors,United States,35497431040.0,NMS,USD,2025-10-16 17:08:25.657507
WMB,"The Williams Companies, Inc.",Energy,Oil & Gas Midstream,United States,77581402112.0,NYQ,USD,2025-10-16 17:08:26.681883
TT,Trane Technologies plc,Industrials,Building Products & Equipment,Ireland,93840293888.0,NYQ,USD,2025-10-16 17:08:27.751743
XOM,Exxon Mobil Corporation,Energy,Oil & Gas Integrated,United States,476935421952.0,NYQ,USD,2025-10-16 17:08:28.748289
MTCH,"Match Group, Inc.",Communication Services,Internet Content & Information,United States,7813001216.0,NMS,USD,2025-10-16 17:08:29.757224
POOL,Pool Corporation,Industrials,Industrial Distribution,United States,10833790976.0,NMS,USD,2025-10-16 17:08:30.845318
SJM,The J. M. Smucker Company,Consumer Defensive,Packaged Foods,United States,11221145600.0,NYQ,USD,2025-10-16 17:08:31.937657
WEC,"WEC Energy Group, Inc.",Utilities,Utilities - Regulated Electric,United States,37719523328.0,NYQ,USD,2025-10-16 17:08:32.966149
HUBB,Hubbell Incorporated,Industrials,Electrical Equipment & Parts,United States,22887401472.0,NYQ,USD,2025-10-16 17:08:34.189924
GOOG,Alphabet Inc.,Communication Services,Internet Content & Information,United States,3090247581696.0,NMS,USD,2025-10-16 17:08:35.345073
BEN,"Franklin Resources, Inc.",Financial Services,Asset Management,United States,11808789504.0,NYQ,USD,2025-10-16 17:08:36.430964
FME.DE,Fresenius Medical Care AG,Healthcare,Medical Care Facilities,Germany,13599712256.0,GER,EUR,2025-10-16 17:08:37.476259
LKQ,LKQ Corporation,Consumer Cyclical,Auto Parts,United States,7635174912.0,NMS,USD,2025-10-16 17:08:38.817760
VZ,Verizon Communications Inc.,Communication Services,Telecom Services,United States,170465591296.0,NYQ,USD,2025-10-16 17:08:40.010416
GIS,"General Mills, Inc.",Consumer Defensive,Packaged Foods,United States,25675999232.0,NYQ,USD,2025-10-16 17:08:41.229041
CPT,Camden Property Trust,Real Estate,REIT - Residential,United States,10949198848.0,NYQ,USD,2025-10-16 17:08:42.253505
MGM,MGM Resorts International,Consumer Cyclical,Resorts & Casinos,United States,8696504320.0,NYQ,USD,2025-10-16 17:08:43.337193
FCX,Freeport-McMoRan Inc.,Basic Materials,Copper,United States,60144574464.0,NYQ,USD,2025-10-16 17:08:44.349134
VICI,VICI Properties Inc.,Real Estate,REIT - Diversified,United States,33317124096.0,NYQ,USD,2025-10-16 17:08:45.418225
MSI,"Motorola Solutions, Inc.",Technology,Communication Equipment,United States,73027477504.0,NYQ,USD,2025-10-16 17:08:46.421738
UBSG.SW,UBS Group AG,Financial Services,Banks - Diversified,Switzerland,98973368320.0,EBS,CHF,2025-10-16 17:08:47.503509
MRNA,"Moderna, Inc.",Healthcare,Biotechnology,United States,10967507968.0,NMS,USD,2025-10-16 17:08:48.645301
DTE,DTE Energy Company,Utilities,Utilities - Regulated Electric,United States,29662222336.0,NYQ,USD,2025-10-16 17:08:49.748089
LUV,Southwest Airlines Co.,Industrials,Airlines,United States,17714581504.0,NYQ,USD,2025-10-16 17:08:50.870409
BLDR,"Builders FirstSource, Inc.",Industrials,Building Products & Equipment,United States,13820023808.0,NYQ,USD,2025-10-16 17:08:52.133770
FRT,Federal Realty Investment Trust,Real Estate,REIT - Retail,United States,8564529152.0,NYQ,USD,2025-10-16 17:08:53.156646
APA,APA Corporation,Energy,Oil & Gas E&P,United States,8336424448.0,NMS,USD,2025-10-16 17:08:54.212137
WM,"Waste Management, Inc.",Industrials,Waste Management,United States,85963980800.0,NYQ,USD,2025-10-16 17:08:55.229205
AAPL,Apple Inc.,Technology,Consumer Electronics,United States,3690953441280.0,NMS,USD,2025-10-16 17:08:56.303902
UNA.AS,Unilever PLC,Consumer Defensive,Household & Personal Products,United Kingdom,130697895936.0,AMS,EUR,2025-10-16 17:08:57.618932
IP,International Paper Company,Consumer Cyclical,Packaging & Containers,United States,24635643904.0,NYQ,USD,2025-10-16 17:08:58.617084
SPG,"Simon Property Group, Inc.",Real Estate,REIT - Retail,United States,67139076096.0,NYQ,USD,2025-10-16 17:08:59.828072
CME,CME Group Inc.,Financial Services,Financial Data & Stock Exchanges,United States,96358457344.0,NMS,USD,2025-10-16 17:09:00.865229
SWKS,"Skyworks Solutions, Inc.",Technology,Semiconductors,United States,11063049216.0,NMS,USD,2025-10-16 17:09:02.083903
AIG,"American International Group, Inc.",Financial Services,Insurance - Diversified,United States,43672125440.0,NYQ,USD,2025-10-16 17:09:03.189267
NI,NiSource Inc.,Utilities,Utilities - Regulated Gas,United States,20604614656.0,NYQ,USD,2025-10-16 17:09:04.532681
AZO,"AutoZone, Inc.",Consumer Cyclical,Auto Parts,United States,67162783744.0,NYQ,USD,2025-10-16 17:09:05.651742
GDDY,GoDaddy Inc.,Technology,Software - Infrastructure,United States,18002526208.0,NYQ,USD,2025-10-16 17:09:06.852518
SOLV,Solventum Corporation,Healthcare,Medical Instruments & Supplies,United States,12385089536.0,NYQ,USD,2025-10-16 17:09:07.878667
DXCM,"DexCom, Inc.",Healthcare,Medical Devices,United States,25988128768.0,NMS,USD,2025-10-16 17:09:08.946932
GOOGL,Alphabet Inc.,Communication Services,Internet Content & Information,United States,3091595526144.0,NMS,USD,2025-10-16 17:09:10.058816
HOLX,"Hologic, Inc.",Healthcare,Medical Instruments & Supplies,United States,15512633344.0,NMS,USD,2025-10-16 17:09:11.193615
HUM,Humana Inc.,Healthcare,Healthcare Plans,United States,31790247936.0,NYQ,USD,2025-10-16 17:09:12.318588
TECH,Bio-Techne Corporation,Healthcare,Biotechnology,United States,9653772288.0,NMS,USD,2025-10-16 17:09:13.530612
MKTX,MarketAxess Holdings Inc.,Financial Services,Capital Markets,United States,6399479808.0,NMS,USD,2025-10-16 17:09:14.518447
MTB,M&T Bank Corporation,Financial Services,Banks - Regional,United States,28623065088.0,NYQ,USD,2025-10-16 17:09:15.842001
JBL,Jabil Inc.,Technology,Electronic Components,United States,22539104256.0,NYQ,USD,2025-10-16 17:09:16.943275
CHRW,"C.H. Robinson Worldwide, Inc.",Industrials,Integrated Freight & Logistics,United States,15100316672.0,NMS,USD,2025-10-16 17:09:18.008387
HEI.DE,Heidelberg Materials AG,Basic Materials,Building Materials,Germany,34419290112.0,GER,EUR,2025-10-16 17:09:19.024893
GEHC,GE HealthCare Technologies Inc.,Healthcare,Health Information Services,United States,33751351296.0,NMS,USD,2025-10-16 17:09:20.173021
PFG,"Principal Financial Group, Inc.",Financial Services,Asset Management,United States,17866029056.0,NMS,USD,2025-10-16 17:09:21.219796
RVTY,"Revvity, Inc.",Healthcare,Diagnostics & Research,United States,10978144256.0,NYQ,USD,2025-10-16 17:09:22.346780
ROG.SW,Roche Holding AG,Healthcare,Drug Manufacturers - General,Switzerland,227551232000.0,EBS,CHF,2025-10-16 17:09:23.467460
PRU,"Prudential Financial, Inc.",Financial Services,Insurance - Life,United States,35684515840.0,NYQ,USD,2025-10-16 17:09:24.557678
DAL,"Delta Air Lines, Inc.",Industrials,Airlines,United States,40111501312.0,NYQ,USD,2025-10-16 17:09:25.604765
NDSN,Nordson Corporation,Industrials,Specialty Industrial Machinery,United States,13103489024.0,NMS,USD,2025-10-16 17:09:26.776928
EMN,Eastman Chemical Company,Basic Materials,Specialty Chemicals,United States,6951380480.0,NYQ,USD,2025-10-16 17:09:27.784205
CEG,Constellation Energy Corporation,Utilities,Utilities - Renewable,United States,126569553920.0,NMS,USD,2025-10-16 17:09:28.818853
INCY,Incyte Corporation,Healthcare,Biotechnology,United States,17304395776.0,NMS,USD,2025-10-16 17:09:29.876602
IPG,"The Interpublic Group of Companies, Inc.",Communication Services,Advertising Agencies,United States,9728035840.0,NYQ,USD,2025-10-16 17:09:30.896710
BKNG,Booking Holdings Inc.,Consumer Cyclical,Travel Services,United States,163404152832.0,NMS,USD,2025-10-16 17:09:31.912546
EMR,Emerson Electric Co.,Industrials,Specialty Industrial Machinery,United States,73299075072.0,NYQ,USD,2025-10-16 17:09:32.916013
CNC,Centene Corporation,Healthcare,Healthcare Plans,United States,17700433920.0,NYQ,USD,2025-10-16 17:09:33.919636
VRSN,"VeriSign, Inc.",Technology,Software - Infrastructure,United States,24647725056.0,NMS,USD,2025-10-16 17:09:35.038096
EVRG,"Evergy, Inc.",Utilities,Utilities - Regulated Electric,United States,18133938176.0,NMS,USD,2025-10-16 17:09:36.260043
WSM,"Williams-Sonoma, Inc.",Consumer Cyclical,Specialty Retail,United States,23120068608.0,NYQ,USD,2025-10-16 17:09:37.337379
ULTA,"Ulta Beauty, Inc.",Consumer Cyclical,Specialty Retail,United States,24070354944.0,NMS,USD,2025-10-16 17:09:38.450383
ORCL,Oracle Corporation,Technology,Software - Infrastructure,United States,881029152768.0,NYQ,USD,2025-10-16 17:09:39.544742
UNH,UnitedHealth Group Incorporated,Healthcare,Healthcare Plans,United States,325825134592.0,NYQ,USD,2025-10-16 17:09:40.654913
SMCI,"Super Micro Computer, Inc.",Technology,Computer Hardware,United States,33202046976.0,NMS,USD,2025-10-16 17:09:41.672953
MO,"Altria Group, Inc.",Consumer Defensive,Tobacco,United States,108302573568.0,NYQ,USD,2025-10-16 17:09:42.888063
XYL,Xylem Inc.,Industrials,Specialty Industrial Machinery,United States,35207995392.0,NYQ,USD,2025-10-16 17:09:43.972102
PODD,Insulet Corporation,Healthcare,Medical Devices,United States,22652317696.0,NMS,USD,2025-10-16 17:09:45.057132
ACGL,Arch Capital Group Ltd.,Financial Services,Insurance - Diversified,Bermuda,32453369856.0,NMS,USD,2025-10-16 17:09:46.147468
ANET,Arista Networks Inc,Technology,Computer Hardware,United States,183816568832.0,NYQ,USD,2025-10-16 17:09:47.229182
EBAY,eBay Inc.,Consumer Cyclical,Internet Retail,United States,41833779200.0,NMS,USD,2025-10-16 17:09:48.330304
SNPS,"Synopsys, Inc.",Technology,Software - Infrastructure,United States,82513272832.0,NMS,USD,2025-10-16 17:09:49.380303
DLTR,"Dollar Tree, Inc.",Consumer Defensive,Discount Stores,United States,19397341184.0,NMS,USD,2025-10-16 17:09:50.508832
EXR,Extra Space Storage Inc.,Real Estate,REIT - Industrial,United States,33581484032.0,NYQ,USD,2025-10-16 17:10:00.084149
AEE,Ameren Corporation,Utilities,Utilities - Regulated Electric,United States,28598554624.0,NYQ,USD,2025-10-16 17:10:01.158205
MET,"MetLife, Inc.",Financial Services,Insurance - Life,United States,52956020736.0,NYQ,USD,2025-10-16 17:10:02.591898
SAP.DE,SAP SE,Technology,Software - Application,Germany,273507319808.0,GER,EUR,2025-10-16 17:10:04.846162
ABNB,"Airbnb, Inc.",Consumer Cyclical,Travel Services,United States,76988628992.0,NMS,USD,2025-10-16 17:10:06.049769
VRSK,"Verisk Analytics, Inc.",Industrials,Consulting Services,United States,32624465920.0,NMS,USD,2025-10-16 17:10:07.362037
UDR,"UDR, Inc.",Real Estate,REIT - Residential,United States,13684496384.0,NYQ,USD,2025-10-16 17:10:08.532094
ETR,Entergy Corporation,Utilities,Utilities - Regulated Electric,United States,43839602688.0,NYQ,USD,2025-10-16 17:10:09.656496
CHTR,"Charter Communications, Inc.",Communication Services,Telecom Services,United States,35355213824.0,NMS,USD,2025-10-16 17:10:10.743480
SIE.DE,Siemens Aktiengesellschaft,Industrials,Specialty Industrial Machinery,Germany,190047715328.0,GER,EUR,2025-10-16 17:10:11.826870
DB1.DE,Deutsche Börse AG,Financial Services,Financial Data & Stock Exchanges,Germany,40631705600.0,GER,EUR,2025-10-16 17:10:13.061914
ESS,"Essex Property Trust, Inc.",Real Estate,REIT - Residential,United States,17845911552.0,NYQ,USD,2025-10-16 17:10:14.201825
REP.MC,"Repsol, S.A.",Energy,Oil & Gas Integrated,Spain,16005800960.0,MCE,EUR,2025-10-16 17:10:15.424682
GL,Globe Life Inc.,Financial Services,Insurance - Life,United States,11007570944.0,NYQ,USD,2025-10-16 17:10:16.673626
BALL,Ball Corporation,Consumer Cyclical,Packaging & Containers,United States,13117577216.0,NYQ,USD,2025-10-16 17:10:17.858212
IBM,International Business Machines Corporation,Technology,Information Technology Services,United States,258808643584.0,NYQ,USD,2025-10-16 17:10:19.096442
HPE,Hewlett Packard Enterprise Company,Technology,Communication Equipment,United States,29997699072.0,NYQ,USD,2025-10-16 17:10:20.327162
NVDA,NVIDIA Corporation,Technology,Semiconductors,United States,4445640851456.0,NMS,USD,2025-10-16 17:10:21.465100
RMD,ResMed Inc.,Healthcare,Medical Instruments & Supplies,United States,39800225792.0,NYQ,USD,2025-10-16 17:10:22.817098
HIG,"The Hartford Insurance Group, Inc.",Financial Services,Insurance - Property & Casualty,United States,35088814080.0,NYQ,USD,2025-10-16 17:10:23.972468
PNR,Pentair plc,Industrials,Specialty Industrial Machinery,United Kingdom,17927522304.0,NYQ,USD,2025-10-16 17:10:25.102805
KMB,Kimberly-Clark Corporation,Consumer Defensive,Household & Personal Products,United States,40088969216.0,NMS,USD,2025-10-16 17:10:26.173240
FFIV,"F5, Inc.",Technology,Software - Infrastructure,United States,17280681984.0,NMS,USD,2025-10-16 17:10:27.278141
ITW,Illinois Tool Works Inc.,Industrials,Specialty Industrial Machinery,United States,71857659904.0,NYQ,USD,2025-10-16 17:10:28.418897
LMT,Lockheed Martin Corporation,Industrials,Aerospace & Defense,United States,116430184448.0,NYQ,USD,2025-10-16 17:10:29.535963
PLTR,Palantir Technologies Inc.,Technology,Software - Infrastructure,United States,433367678976.0,NMS,USD,2025-10-16 17:10:30.692986
CTAS,Cintas Corporation,Industrials,Specialty Business Services,United States,74602528768.0,NMS,USD,2025-10-16 17:10:31.833857
HST,"Host Hotels & Resorts, Inc.",Real Estate,REIT - Hotel & Motel,United States,11473682432.0,NMS,USD,2025-10-16 17:10:32.953643
DIS,The Walt Disney Company,Communication Services,Entertainment,United States,200370733056.0,NYQ,USD,2025-10-16 17:10:33.957096
LVS,Las Vegas Sands Corp.,Consumer Cyclical,Resorts & Casinos,United States,33684279296.0,NYQ,USD,2025-10-16 17:10:35.009103
QCOM,QUALCOMM Incorporated,Technology,Semiconductors,United States,178148294656.0,NMS,USD,2025-10-16 17:10:36.134948
ZBRA,Zebra Technologies Corporation,Technology,Communication Equipment,United States,14938305536.0,NMS,USD,2025-10-16 17:10:37.388741
VOW3.DE,Volkswagen AG,Consumer Cyclical,Auto Manufacturers,Germany,45171277824.0,GER,EUR,2025-10-16 17:10:38.525246
TRGP,Targa Resources Corp.,Energy,Oil & Gas Midstream,United States,32201310208.0,NYQ,USD,2025-10-16 17:10:39.736821
ALLE,Allegion plc,Industrials,Security & Protection Services,Ireland,15218871296.0,NYQ,USD,2025-10-16 17:10:40.801682
ACN,Accenture plc,Technology,Information Technology Services,Ireland,146594627584.0,NYQ,USD,2025-10-16 17:10:41.932964
WELL,Welltower Inc.,Real Estate,REIT - Healthcare Facilities,United States,115629965312.0,NYQ,USD,2025-10-16 17:10:43.154143
CMS,CMS Energy Corporation,Utilities,Utilities - Regulated Electric,United States,22677655552.0,NYQ,USD,2025-10-16 17:10:44.391841
BSX,Boston Scientific Corporation,Healthcare,Medical Devices,United States,146708234240.0,NYQ,USD,2025-10-16 17:10:45.496682
CPRT,"Copart, Inc.",Industrials,Specialty Business Services,United States,42212446208.0,NMS,USD,2025-10-16 17:10:46.588611
TSN,"Tyson Foods, Inc.",Consumer Defensive,Farm Products,United States,18645872640.0,NYQ,USD,2025-10-16 17:10:47.658906
DVA,DaVita Inc.,Healthcare,Medical Care Facilities,United States,9038315520.0,NYQ,USD,2025-10-16 17:10:48.772310
UBER,"Uber Technologies, Inc.",Technology,Software - Application,United States,193902231552.0,NYQ,USD,2025-10-16 17:10:49.936757
GPN,Global Payments Inc.,Industrials,Specialty Business Services,United States,20877553664.0,NYQ,USD,2025-10-16 17:10:50.933259
HSY,The Hershey Company,Consumer Defensive,Confectioners,United States,39143006208.0,NYQ,USD,2025-10-16 17:10:52.102372
TROW,"T. Rowe Price Group, Inc.",Financial Services,Asset Management,United States,23081086976.0,NMS,USD,2025-10-16 17:10:53.107187
ERIE,Erie Indemnity Company,Financial Services,Insurance Brokers,United States,16263717888.0,NMS,USD,2025-10-16 17:10:54.153209
AOS,A. O. Smith Corporation,Industrials,Specialty Industrial Machinery,United States,9713782784.0,NYQ,USD,2025-10-16 17:10:55.154981
BRK.B,,,,,,,,2025-10-16 17:10:56.274969
EQIX,"Equinix, Inc.",Real Estate,REIT - Specialty,United States,80873332736.0,NMS,USD,2025-10-16 17:10:57.357340
UNP,Union Pacific Corporation,Industrials,Railroads,United States,133102862336.0,NYQ,USD,2025-10-16 17:10:58.436708
DPW.DE,,,,,,,,2025-10-16 17:10:59.524151
CMG,"Chipotle Mexican Grill, Inc.",Consumer Cyclical,Restaurants,United States,56364101632.0,NYQ,USD,2025-10-16 17:11:00.776792
NWSA,News Corporation,Communication Services,Entertainment,United States,15416896512.0,NMS,USD,2025-10-16 17:11:01.983284
ON,ON Semiconductor Corporation,Technology,Semiconductors,United States,21201211392.0,NMS,USD,2025-10-16 17:11:03.086137
PSKY,Paramount Skydance Corporation,Communication Services,Entertainment,United States,18771628032.0,NMS,USD,2025-10-16 17:11:04.394322
UHS,"Universal Health Services, Inc.",Healthcare,Medical Care Facilities,United States,13009975296.0,NYQ,USD,2025-10-16 17:11:05.471011
WBD,"Warner Bros. Discovery, Inc.",Communication Services,Entertainment,United States,45331386368.0,NMS,USD,2025-10-16 17:11:06.606491
DUK,Duke Energy Corporation,Utilities,Utilities - Regulated Electric,United States,100132913152.0,NYQ,USD,2025-10-16 17:11:07.625593
VST,Vistra Corp.,Utilities,Utilities - Independent Power Producers,United States,72568537088.0,NYQ,USD,2025-10-16 17:11:08.788388
CAG,"Conagra Brands, Inc.",Consumer Defensive,Packaged Foods,United States,8820708352.0,NYQ,USD,2025-10-16 17:11:10.013009
NTAP,"NetApp, Inc.",Technology,Software - Infrastructure,United States,24094937088.0,NMS,USD,2025-10-16 17:11:11.279701
KEYS,"Keysight Technologies, Inc.",Technology,Scientific & Technical Instruments,United States,28264339456.0,NYQ,USD,2025-10-16 17:11:12.448833
RJF,"Raymond James Financial, Inc.",Financial Services,Asset Management,United States,32503574528.0,NYQ,USD,2025-10-16 17:11:13.579759
PWR,"Quanta Services, Inc.",Industrials,Engineering & Construction,United States,66158637056.0,NYQ,USD,2025-10-16 17:11:14.681849
EA,Electronic Arts Inc.,Communication Services,Electronic Gaming & Multimedia,United States,50044563456.0,NMS,USD,2025-10-16 17:11:15.946920
AMZN,"Amazon.com, Inc.",Consumer Cyclical,Internet Retail,United States,2316738756608.0,NMS,USD,2025-10-16 17:11:17.091088
FI,"Fiserv, Inc.",Technology,Information Technology Services,United States,65829130240.0,NYQ,USD,2025-10-16 17:11:18.213038
LYB,LyondellBasell Industries N.V.,Basic Materials,Specialty Chemicals,United States,14847290368.0,NYQ,USD,2025-10-16 17:11:19.276908
SYF,Synchrony Financial,Financial Services,Credit Services,United States,25558097920.0,NYQ,USD,2025-10-16 17:11:20.324649
PPG,"PPG Industries, Inc.",Basic Materials,Specialty Chemicals,United States,22811498496.0,NYQ,USD,2025-10-16 17:11:22.197204
CPB,The Campbell's Company,Consumer Defensive,Packaged Foods,United States,9167765504.0,NMS,USD,2025-10-16 17:11:23.389348
MMM,3M Company,Industrials,Conglomerates,United States,80991674368.0,NYQ,USD,2025-10-16 17:11:24.534699
ZBH,"Zimmer Biomet Holdings, Inc.",Healthcare,Medical Devices,United States,19880912896.0,NYQ,USD,2025-10-16 17:11:25.747885
DAI.DE,,,,,,,,2025-10-16 17:11:26.790883
COF,Capital One Financial Corporation,Financial Services,Credit Services,United States,133828591616.0,NYQ,USD,2025-10-16 17:11:28.285016
IRM,Iron Mountain Incorporated,Real Estate,REIT - Specialty,United States,31519563776.0,NYQ,USD,2025-10-16 17:11:29.327366
ASML.AS,ASML Holding N.V.,Technology,Semiconductor Equipment & Materials,Netherlands,342268608512.0,AMS,EUR,2025-10-16 17:11:30.587913
ROP,"Roper Technologies, Inc.",Technology,Software - Application,United States,53941428224.0,NMS,USD,2025-10-16 17:11:31.592805
DRI,"Darden Restaurants, Inc.",Consumer Cyclical,Restaurants,United States,21946079232.0,NYQ,USD,2025-10-16 17:11:32.759161
AVGO,Broadcom Inc.,Technology,Semiconductors,United States,1701042978816.0,NMS,USD,2025-10-16 17:11:33.841834
GE,GE Aerospace,Industrials,Aerospace & Defense,United States,321005584384.0,NYQ,USD,2025-10-16 17:11:34.869276
RCL,Royal Caribbean Cruises Ltd.,Consumer Cyclical,Travel Services,United States,83153371136.0,NYQ,USD,2025-10-16 17:11:35.892780
SAN.PA,Sanofi,Healthcare,Drug Manufacturers - General,France,104734801920.0,PAR,EUR,2025-10-16 17:11:36.920367
USB,U.S. Bancorp,Financial Services,Banks - Regional,United States,73786720256.0,NYQ,USD,2025-10-16 17:11:38.106716
BF.B,,,,,,YHD,,2025-10-16 17:11:39.259468
PTC,PTC Inc.,Technology,Software - Application,United States,24297553920.0,NMS,USD,2025-10-16 17:11:40.326307
NSC,Norfolk Southern Corporation,Industrials,Railroads,United States,64848039936.0,NYQ,USD,2025-10-16 17:11:41.342842
COR,"Cencora, Inc.",Healthcare,Medical Distribution,United States,62113570816.0,NYQ,USD,2025-10-16 17:11:42.433859
IQV,IQVIA Holdings Inc.,Healthcare,Diagnostics & Research,United States,35353202688.0,NYQ,USD,2025-10-16 17:11:43.551110
FTV,Fortive Corporation,Technology,Scientific & Technical Instruments,United States,16526039040.0,NYQ,USD,2025-10-16 17:11:44.813004
DECK,Deckers Outdoor Corporation,Consumer Cyclical,Footwear & Accessories,United States,14538390528.0,NYQ,USD,2025-10-16 17:11:45.898024
LDOS,"Leidos Holdings, Inc.",Technology,Information Technology Services,United States,23888961536.0,NYQ,USD,2025-10-16 17:11:46.959252
ALL,The Allstate Corporation,Financial Services,Insurance - Property & Casualty,United States,51595001856.0,NYQ,USD,2025-10-16 17:11:48.195731
AVY,Avery Dennison Corporation,Consumer Cyclical,Packaging & Containers,United States,12507467776.0,NYQ,USD,2025-10-16 17:11:49.269929
OTIS,Otis Worldwide Corporation,Industrials,Specialty Industrial Machinery,United States,35699548160.0,NYQ,USD,2025-10-16 17:11:50.396843
RSG,"Republic Services, Inc.",Industrials,Waste Management,United States,68342480896.0,NYQ,USD,2025-10-16 17:11:51.390114
MDT,Medtronic plc,Healthcare,Medical Devices,Ireland,122727383040.0,NYQ,USD,2025-10-16 17:11:52.396617
IFF,International Flavors & Fragrances Inc.,Basic Materials,Specialty Chemicals,United States,16174278656.0,NYQ,USD,2025-10-16 17:11:53.474310
HEN3.DE,Henkel AG & Co. KGaA,Consumer Defensive,Household & Personal Products,Germany,28066199552.0,GER,EUR,2025-10-16 17:11:54.493215
ADS.DE,adidas AG,Consumer Cyclical,Footwear & Accessories,Germany,34272497664.0,GER,EUR,2025-10-16 17:11:55.573047
LHX,"L3Harris Technologies, Inc.",Industrials,Aerospace & Defense,United States,53694332928.0,NYQ,USD,2025-10-16 17:11:56.672166
ADBE,Adobe Inc.,Technology,Software - Application,United States,139958910976.0,NMS,USD,2025-10-16 17:11:57.741732
TPL,Texas Pacific Land Corporation,Energy,Oil & Gas E&P,United States,21654073344.0,NYQ,USD,2025-10-16 17:11:58.825634
KHC,The Kraft Heinz Company,Consumer Defensive,Packaged Foods,United States,29909553152.0,NMS,USD,2025-10-16 17:11:59.824879
AMD,"Advanced Micro Devices, Inc.",Technology,Semiconductors,United States,387908304896.0,NMS,USD,2025-10-16 17:12:01.081906
RTX,RTX Corporation,Industrials,Aerospace & Defense,United States,211529760768.0,NYQ,USD,2025-10-16 17:12:02.332330
KMI,"Kinder Morgan, Inc.",Energy,Oil & Gas Midstream,United States,61151354880.0,NYQ,USD,2025-10-16 17:12:03.362732
BIIB,Biogen Inc.,Healthcare,Drug Manufacturers - General,United States,21452867584.0,NMS,USD,2025-10-16 17:12:04.368178
CZR,"Caesars Entertainment, Inc.",Consumer Cyclical,Resorts & Casinos,United States,4600773120.0,NMS,USD,2025-10-16 17:12:06.061961
MA,Mastercard Incorporated,Financial Services,Credit Services,United States,503263395840.0,NYQ,USD,2025-10-16 17:12:07.247809
KVUE,Kenvue Inc.,Consumer Defensive,Household & Personal Products,United States,31117719552.0,NYQ,USD,2025-10-16 17:12:08.357439
CTRA,Coterra Energy Inc.,Energy,Oil & Gas E&P,United States,17671268352.0,NYQ,USD,2025-10-16 17:12:09.384229
ARE,"Alexandria Real Estate Equities, Inc.",Real Estate,REIT - Office,United States,13100278784.0,NYQ,USD,2025-10-16 17:12:10.480303
MRK.DE,Merck KGaA,Healthcare,Drug Manufacturers - Specialty & Generic,Germany,48086433792.0,GER,EUR,2025-10-16 17:12:11.764051
JBHT,"J.B. Hunt Transport Services, Inc.",Industrials,Integrated Freight & Logistics,United States,16044964864.0,NMS,USD,2025-10-16 17:12:12.763266
PSX,Phillips 66,Energy,Oil & Gas Refining & Marketing,United States,52685676544.0,NYQ,USD,2025-10-16 17:12:13.867573
FIS,"Fidelity National Information Services, Inc.",Technology,Information Technology Services,United States,34918395904.0,NYQ,USD,2025-10-16 17:12:14.958324
ETN,Eaton Corporation plc,Industrials,Specialty Industrial Machinery,Ireland,147357827072.0,NYQ,USD,2025-10-16 17:12:15.980104
EQR,Equity Residential,Real Estate,REIT - Residential,United States,24345739264.0,NYQ,USD,2025-10-16 17:12:17.224676
HCA,"HCA Healthcare, Inc.",Healthcare,Medical Care Facilities,United States,98115813376.0,NYQ,USD,2025-10-16 17:12:18.401786
MCO,Moody's Corporation,Financial Services,Financial Data & Stock Exchanges,United States,85521784832.0,NYQ,USD,2025-10-16 17:12:19.550601
EXC,Exelon Corporation,Utilities,Utilities - Regulated Electric,United States,48231944192.0,NMS,USD,2025-10-16 17:12:20.595933
WBA,"Walgreens Boots Alliance, Inc.",Healthcare,Pharmaceutical Retailers,United States,0.0,NMS,USD,2025-10-16 17:12:21.741853
APH,Amphenol Corporation,Technology,Electronic Components,United States,156204646400.0,NYQ,USD,2025-10-16 17:12:22.832946
ENEL.MI,Enel SpA,Utilities,Utilities - Diversified,Italy,85648646144.0,MIL,EUR,2025-10-16 17:12:23.981771
YUM,"Yum! Brands, Inc.",Consumer Cyclical,Restaurants,United States,39662624768.0,NYQ,USD,2025-10-16 17:12:25.037515
INGA.AS,ING Groep N.V.,Financial Services,Banks - Diversified,Netherlands,61696585728.0,AMS,EUR,2025-10-16 17:12:26.029902
LW,"Lamb Weston Holdings, Inc.",Consumer Defensive,Packaged Foods,United States,9037007872.0,NYQ,USD,2025-10-16 17:12:27.037349
LYV,"Live Nation Entertainment, Inc.",Communication Services,Entertainment,United States,35830493184.0,NYQ,USD,2025-10-16 17:12:28.313284
MTD,Mettler-Toledo International Inc.,Healthcare,Diagnostics & Research,United States,27770390528.0,NYQ,USD,2025-10-16 17:12:29.336707
EW,Edwards Lifesciences Corporation,Healthcare,Medical Devices,United States,43104882688.0,NYQ,USD,2025-10-16 17:12:30.401062
FOXA,Fox Corporation,Communication Services,Entertainment,United States,24213383168.0,NMS,USD,2025-10-16 17:12:31.594110
HD,"The Home Depot, Inc.",Consumer Cyclical,Home Improvement Retail,United States,383393071104.0,NYQ,USD,2025-10-16 17:12:32.711970
NUE,Nucor Corporation,Basic Materials,Steel,United States,30901209088.0,NYQ,USD,2025-10-16 17:12:33.876887
LH,Labcorp Holdings Inc.,Healthcare,Diagnostics & Research,United States,23713415168.0,NYQ,USD,2025-10-16 17:12:35.037630
GEV,GE Vernova Inc.,Industrials,Specialty Industrial Machinery,United States,165974933504.0,NYQ,USD,2025-10-16 17:12:36.135950
PKG,Packaging Corporation of America,Consumer Cyclical,Packaging & Containers,United States,18867202048.0,NYQ,USD,2025-10-16 17:12:37.236762
MNST,Monster Beverage Corporation,Consumer Defensive,Beverages - Non-Alcoholic,United States,68667305984.0,NMS,USD,2025-10-16 17:12:38.560480
TGT,Target Corporation,Consumer Defensive,Discount Stores,United States,41274302464.0,NYQ,USD,2025-10-16 17:12:39.576653
ENI.MI,Eni S.p.A.,Energy,Oil & Gas Integrated,Italy,44260696064.0,MIL,EUR,2025-10-16 17:12:40.640112
COO,"The Cooper Companies, Inc.",Healthcare,Medical Instruments & Supplies,United States,14016029696.0,NMS,USD,2025-10-16 17:12:41.869208
RF,Regions Financial Corporation,Financial Services,Banks - Regional,United States,21696477184.0,NYQ,USD,2025-10-16 17:12:43.008258
PCG,PG&E Corporation,Utilities,Utilities - Regulated Electric,United States,36934656000.0,NYQ,USD,2025-10-16 17:12:44.101130
AES,The AES Corporation,Utilities,Utilities - Diversified,United States,10524092416.0,NYQ,USD,2025-10-16 17:12:45.153034
AVB,"AvalonBay Communities, Inc.",Real Estate,REIT - Residential,United States,26389981184.0,NYQ,USD,2025-10-16 17:12:46.199188
KMX,"CarMax, Inc.",Consumer Cyclical,Auto & Truck Dealerships,United States,6369403392.0,NYQ,USD,2025-10-16 17:12:47.292003
BG,Bunge Global SA,Consumer Defensive,Farm Products,United States,19320987648.0,NYQ,USD,2025-10-16 17:12:48.389068
ROL,"Rollins, Inc.",Consumer Cyclical,Personal Services,United States,26766667776.0,NYQ,USD,2025-10-16 17:12:49.453031
MRK,"Merck & Co., Inc.",Healthcare,Drug Manufacturers - General,United States,212149223424.0,NYQ,USD,2025-10-16 17:12:50.529057
MSCI,MSCI Inc.,Financial Services,Financial Data & Stock Exchanges,United States,41955745792.0,NYQ,USD,2025-10-16 17:12:51.645299
SRE,Sempra,Utilities,Utilities - Diversified,United States,60099235840.0,NYQ,USD,2025-10-16 17:12:52.740531
MAA,"Mid-America Apartment Communities, Inc.",Real Estate,REIT - Residential,United States,15890752512.0,NYQ,USD,2025-10-16 17:12:53.865409
TAP,Molson Coors Beverage Company,Consumer Defensive,Beverages - Brewers,United States,9297792000.0,NYQ,USD,2025-10-16 17:12:54.850921
CARR,Carrier Global Corporation,Industrials,Building Products & Equipment,United States,48623190016.0,NYQ,USD,2025-10-16 17:12:55.915155
NCLH,Norwegian Cruise Line Holdings Ltd.,Consumer Cyclical,Travel Services,United States,10684739584.0,NYQ,USD,2025-10-16 17:12:56.930458
DBK.DE,Deutsche Bank Aktiengesellschaft,Financial Services,Banks - Regional,Germany,58478002176.0,GER,EUR,2025-10-16 17:12:58.022444
PANW,"Palo Alto Networks, Inc.",Technology,Software - Infrastructure,United States,140900827136.0,NMS,USD,2025-10-16 17:12:59.004223
TRV,"The Travelers Companies, Inc.",Financial Services,Insurance - Property & Casualty,United States,58924281856.0,NYQ,USD,2025-10-16 17:13:00.156417
DVN,Devon Energy Corporation,Energy,Oil & Gas E&P,United States,20780687360.0,NYQ,USD,2025-10-16 17:13:01.258165
TDG,TransDigm Group Incorporated,Industrials,Aerospace & Defense,United States,71207034880.0,NYQ,USD,2025-10-16 17:13:02.472911
D,"Dominion Energy, Inc.",Utilities,Utilities - Regulated Electric,United States,52836073472.0,NYQ,USD,2025-10-16 17:13:03.554209
BMW.DE,Bayerische Motoren Werke Aktiengesellschaft,Consumer Cyclical,Auto Manufacturers,Germany,48270872576.0,GER,EUR,2025-10-16 17:13:04.887087
DDOG,"Datadog, Inc.",Technology,Software - Application,United States,56435679232.0,NMS,USD,2025-10-16 17:13:06.078454
IFX.DE,Infineon Technologies AG,Technology,Semiconductors,Germany,42944880640.0,GER,EUR,2025-10-16 17:13:07.219744
VLTO,Veralto Corporation,Industrials,Pollution & Treatment Controls,United States,25245403136.0,NYQ,USD,2025-10-16 17:13:08.234927
OMC,Omnicom Group Inc.,Communication Services,Advertising Agencies,United States,15094887424.0,NYQ,USD,2025-10-16 17:13:09.376736
TTD,"The Trade Desk, Inc.",Communication Services,Advertising Agencies,United States,25071523840.0,NGM,USD,2025-10-16 17:13:10.620909
META,"Meta Platforms, Inc.",Communication Services,Internet Content & Information,United States,1812145766400.0,NMS,USD,2025-10-16 17:13:11.809364
BBVA.MC,"Banco Bilbao Vizcaya Argentaria, S.A.",Financial Services,Banks - Diversified,Spain,89947168768.0,MCE,EUR,2025-10-16 17:13:13.034055
PHM,"PulteGroup, Inc.",Consumer Cyclical,Residential Construction,United States,24373864448.0,NYQ,USD,2025-10-16 17:13:14.182395
GNRC,Generac Holdings Inc.,Industrials,Specialty Industrial Machinery,United States,11335607296.0,NYQ,USD,2025-10-16 17:13:15.358930
ADM,Archer-Daniels-Midland Company,Consumer Defensive,Farm Products,United States,30684864512.0,NYQ,USD,2025-10-16 17:13:16.537074
GD,General Dynamics Corporation,Industrials,Aerospace & Defense,United States,89636651008.0,NYQ,USD,2025-10-16 17:13:17.775598
MPC,Marathon Petroleum Corporation,Energy,Oil & Gas Refining & Marketing,United States,56158633984.0,NYQ,USD,2025-10-16 17:13:18.793722
DOC,"Healthpeak Properties, Inc.",Real Estate,REIT - Healthcare Facilities,United States,13019668480.0,NYQ,USD,2025-10-16 17:13:33.186727
STX,Seagate Technology Holdings plc,Technology,Computer Hardware,Singapore,48974163968.0,NMS,USD,2025-10-16 17:13:34.394737
DTE.DE,Deutsche Telekom AG,Communication Services,Telecom Services,Germany,144709681152.0,GER,EUR,2025-10-16 17:13:35.491824
MLM,"Martin Marietta Materials, Inc.",Basic Materials,Building Materials,United States,38454427648.0,NYQ,USD,2025-10-16 17:13:36.625646
JNJ,Johnson & Johnson,Healthcare,Drug Manufacturers - General,United States,462545584128.0,NYQ,USD,2025-10-16 17:13:37.927772
TER,"Teradyne, Inc.",Technology,Semiconductor Equipment & Materials,United States,22445277184.0,NMS,USD,2025-10-16 17:13:38.963816
PCAR,PACCAR Inc,Industrials,Farm & Heavy Construction Machinery,United States,50228764672.0,NMS,USD,2025-10-16 17:13:40.119354
GM,General Motors Company,Consumer Cyclical,Auto Manufacturers,United States,54825402368.0,NYQ,USD,2025-10-16 17:13:41.272813
JPM,JPMorgan Chase & Co.,Financial Services,Banks - Diversified,United States,838505660416.0,NYQ,USD,2025-10-16 17:13:42.576656
APO,"Apollo Global Management, Inc.",Financial Services,Asset Management,United States,72109694976.0,NYQ,USD,2025-10-16 17:13:43.864753
CVX,Chevron Corporation,Energy,Oil & Gas Integrated,United States,307351093248.0,NYQ,USD,2025-10-16 17:13:44.903402
CRL,"Charles River Laboratories International, Inc.",Healthcare,Diagnostics & Research,United States,8706971648.0,NYQ,USD,2025-10-16 17:13:45.885270
DE,Deere & Company,Industrials,Farm & Heavy Construction Machinery,United States,122334871552.0,NYQ,USD,2025-10-16 17:13:46.986264
AIZ,"Assurant, Inc.",Financial Services,Insurance - Property & Casualty,United States,10601985024.0,NYQ,USD,2025-10-16 17:13:48.105318
CI,The Cigna Group,Healthcare,Healthcare Plans,United States,78373765120.0,NYQ,USD,2025-10-16 17:13:49.240587
DLR,"Digital Realty Trust, Inc.",Real Estate,REIT - Specialty,United States,60911673344.0,NYQ,USD,2025-10-16 17:13:50.272025
TSLA,"Tesla, Inc.",Consumer Cyclical,Auto Manufacturers,United States,1455532670976.0,NMS,USD,2025-10-16 17:13:51.250172
BXP,"BXP, Inc.",Real Estate,REIT - Office,United States,12600775680.0,NYQ,USD,2025-10-16 17:13:52.377339
KLAC,KLA Corporation,Technology,Semiconductor Equipment & Materials,United States,143086419968.0,NMS,USD,2025-10-16 17:13:53.595245
LNT,Alliant Energy Corporation,Utilities,Utilities - Regulated Electric,United States,17695567872.0,NMS,USD,2025-10-16 17:13:54.703949
PGR,The Progressive Corporation,Financial Services,Insurance - Property & Casualty,United States,131318415360.0,NYQ,USD,2025-10-16 17:13:55.926161
EXPE,"Expedia Group, Inc.",Consumer Cyclical,Travel Services,United States,26497402880.0,NMS,USD,2025-10-16 17:13:57.050425
HAS,"Hasbro, Inc.",Consumer Cyclical,Leisure,United States,10370897920.0,NMS,USD,2025-10-16 17:13:58.028130
AMGN,Amgen Inc.,Healthcare,Drug Manufacturers - General,United States,161029472256.0,NMS,USD,2025-10-16 17:13:59.000351
OKE,"ONEOK, Inc.",Energy,Oil & Gas Midstream,United States,43342954496.0,NYQ,USD,2025-10-16 17:14:00.090794
CTSH,Cognizant Technology Solutions Corporation,Technology,Information Technology Services,United States,32224364544.0,NMS,USD,2025-10-16 17:14:01.126044
CCL,Carnival Corporation & plc,Consumer Cyclical,Travel Services,United States,38081310720.0,NYQ,USD,2025-10-16 17:14:02.224358
WST,"West Pharmaceutical Services, Inc.",Healthcare,Medical Instruments & Supplies,United States,19164739584.0,NYQ,USD,2025-10-16 17:14:03.350377
ISP.MI,Intesa Sanpaolo S.p.A.,Financial Services,Banks - Regional,Italy,96528130048.0,MIL,EUR,2025-10-16 17:14:04.491890
EXPD,"Expeditors International of Washington, Inc.",Industrials,Integrated Freight & Logistics,United States,16032429056.0,NYQ,USD,2025-10-16 17:14:05.614805
CFG,"Citizens Financial Group, Inc.",Financial Services,Banks - Regional,United States,21876832256.0,NYQ,USD,2025-10-16 17:14:06.714545
PM,Philip Morris International Inc.,Consumer Defensive,Tobacco,United States,245225062400.0,NYQ,USD,2025-10-16 17:14:07.953575
TMO,Thermo Fisher Scientific Inc.,Healthcare,Diagnostics & Research,United States,204076695552.0,NYQ,USD,2025-10-16 17:14:09.061888
HWM,Howmet Aerospace Inc.,Industrials,Aerospace & Defense,United States,78313340928.0,NYQ,USD,2025-10-16 17:14:10.218254
CDW,CDW Corporation,Technology,Information Technology Services,United States,19417305088.0,NMS,USD,2025-10-16 17:14:11.349155
FSLR,"First Solar, Inc.",Technology,Solar,United States,26057961472.0,NMS,USD,2025-10-16 17:14:12.545744
ALV.DE,Allianz SE,Financial Services,Insurance - Diversified,Germany,140417794048.0,GER,EUR,2025-10-16 17:14:13.652178
NWS,News Corporation,Communication Services,Entertainment,United States,15506667520.0,NMS,USD,2025-10-16 17:14:14.681811
HLT,Hilton Worldwide Holdings Inc.,Consumer Cyclical,Lodging,United States,61645463552.0,NYQ,USD,2025-10-16 17:14:15.793802
MCK,McKesson Corporation,Healthcare,Medical Distribution,United States,98139283456.0,NYQ,USD,2025-10-16 17:14:16.893937
LRCX,Lam Research Corporation,Technology,Semiconductor Equipment & Materials,United States,181273395200.0,NMS,USD,2025-10-16 17:14:18.123077
WTW,Willis Towers Watson Public Limited Company,Financial Services,Insurance Brokers,United Kingdom,32077193216.0,NMS,USD,2025-10-16 17:14:19.118043
EG,"Everest Group, Ltd.",Financial Services,Insurance - Reinsurance,Bermuda,14470855680.0,NYQ,USD,2025-10-16 17:14:20.163211
FICO,Fair Isaac Corporation,Technology,Software - Application,United States,38961295360.0,NYQ,USD,2025-10-16 17:14:21.203608
CAH,"Cardinal Health, Inc.",Healthcare,Medical Distribution,United States,37217325056.0,NYQ,USD,2025-10-16 17:14:22.345867
AON,Aon plc,Financial Services,Insurance Brokers,Ireland,73535135744.0,NYQ,USD,2025-10-16 17:14:23.418265
EFX,Equifax Inc.,Industrials,Consulting Services,United States,28259938304.0,NYQ,USD,2025-10-16 17:14:24.583182
CPAY,"Corpay, Inc.",Technology,Software - Infrastructure,United States,20223604736.0,NYQ,USD,2025-10-16 17:14:25.651181
ALGN,"Align Technology, Inc.",Healthcare,Medical Instruments & Supplies,United States,9666782208.0,NMS,USD,2025-10-16 17:14:26.771732
DASH,"DoorDash, Inc.",Consumer Cyclical,Internet Retail,United States,119262109696.0,NMS,USD,2025-10-16 17:14:27.952018
CMCSA,Comcast Corporation,Communication Services,Telecom Services,United States,109215473664.0,NMS,USD,2025-10-16 17:14:28.998436
WAT,Waters Corporation,Healthcare,Diagnostics & Research,United States,19918559232.0,NYQ,USD,2025-10-16 17:14:30.132074
WYNN,"Wynn Resorts, Limited",Consumer Cyclical,Resorts & Casinos,United States,12222700544.0,NMS,USD,2025-10-16 17:14:31.378200
MCD,McDonald's Corporation,Consumer Cyclical,Restaurants,United States,219123384320.0,NYQ,USD,2025-10-16 17:14:32.551773
CL,Colgate-Palmolive Company,Consumer Defensive,Household & Personal Products,United States,63316013056.0,NYQ,USD,2025-10-16 17:14:33.647138
EOAN.DE,E.ON SE,Utilities,Utilities - Diversified,Germany,42514780160.0,GER,EUR,2025-10-16 17:14:34.677457
MHK,"Mohawk Industries, Inc.",Consumer Cyclical,"Furnishings, Fixtures & Appliances",United States,7918091264.0,NYQ,USD,2025-10-16 17:14:35.796196
TXN,Texas Instruments Incorporated,Technology,Semiconductors,United States,160635453440.0,NMS,USD,2025-10-16 17:14:37.159274
T,AT&T Inc.,Communication Services,Telecom Services,United States,188305408000.0,NYQ,USD,2025-10-16 17:14:38.282994
COIN,"Coinbase Global, Inc.",Financial Services,Financial Data & Stock Exchanges,United States,87225368576.0,NMS,USD,2025-10-16 17:14:39.522144
TEL,TE Connectivity plc,Technology,Electronic Components,Ireland,66205585408.0,NYQ,USD,2025-10-16 17:14:40.624410
CCI,Crown Castle Inc.,Real Estate,REIT - Specialty,United States,42891624448.0,NYQ,USD,2025-10-16 17:14:41.948226
BMY,Bristol-Myers Squibb Company,Healthcare,Drug Manufacturers - General,United States,88724242432.0,NYQ,USD,2025-10-16 17:14:43.090889
EQT,EQT Corporation,Energy,Oil & Gas E&P,United States,34623021056.0,NYQ,USD,2025-10-16 17:14:44.230000
HSIC,"Henry Schein, Inc.",Healthcare,Medical Distribution,United States,7692661248.0,NMS,USD,2025-10-16 17:14:45.264725
LULU,lululemon athletica inc.,Consumer Cyclical,Apparel Retail,Canada,19563061248.0,NMS,USD,2025-10-16 17:14:46.637977
MU,"Micron Technology, Inc.",Technology,Semiconductors,United States,231295352832.0,NMS,USD,2025-10-16 17:14:47.682077
MDLZ,"Mondelez International, Inc.",Consumer Defensive,Confectioners,United States,80742203392.0,NMS,USD,2025-10-16 17:14:48.777666
MAR,"Marriott International, Inc.",Consumer Cyclical,Lodging,United States,71599718400.0,NMS,USD,2025-10-16 17:14:49.883384
GEN,Gen Digital Inc.,Technology,Software - Infrastructure,United States,16400593920.0,NMS,USD,2025-10-16 17:14:51.016363
CBOE,"Cboe Global Markets, Inc.",Financial Services,Financial Data & Stock Exchanges,United States,25009590272.0,BTS,USD,2025-10-16 17:14:52.120684
FOX,Fox Corporation,Communication Services,Entertainment,United States,24280221696.0,NMS,USD,2025-10-16 17:14:53.215711
SAF.PA,Safran SA,Industrials,Aerospace & Defense,France,126756274176.0,PAR,EUR,2025-10-16 17:14:54.350242
SWK,"Stanley Black & Decker, Inc.",Industrials,Tools & Accessories,United States,10580048896.0,NYQ,USD,2025-10-16 17:14:55.446266
DPZ,"Domino's Pizza, Inc.",Consumer Cyclical,Restaurants,United States,14188859392.0,NMS,USD,2025-10-16 17:14:56.867582
TDY,Teledyne Technologies Incorporated,Technology,Scientific & Technical Instruments,United States,26740273152.0,NYQ,USD,2025-10-16 17:14:58.073818
FAST,Fastenal Company,Industrials,Industrial Distribution,United States,48280551424.0,NMS,USD,2025-10-16 17:14:59.151855
STZ,"Constellation Brands, Inc.",Consumer Defensive,Beverages - Brewers,United States,24500158464.0,NYQ,USD,2025-10-16 17:15:00.233284
A,"Agilent Technologies, Inc.",Healthcare,Diagnostics & Research,United States,40493785088.0,NYQ,USD,2025-10-16 17:15:01.423203
PG,The Procter & Gamble Company,Consumer Defensive,Household & Personal Products,United States,350815354880.0,NYQ,USD,2025-10-16 17:15:02.505692
TXT,Textron Inc.,Industrials,Aerospace & Defense,United States,14712629248.0,NYQ,USD,2025-10-16 17:15:03.607523
GILD,"Gilead Sciences, Inc.",Healthcare,Drug Manufacturers - General,United States,148462551040.0,NMS,USD,2025-10-16 17:15:04.745145
IBE.MC,"Iberdrola, S.A.",Utilities,Utilities - Diversified,Spain,111843745792.0,MCE,EUR,2025-10-16 17:15:05.854397
MMC,"Marsh & McLennan Companies, Inc.",Financial Services,Insurance Brokers,United States,93873152000.0,NYQ,USD,2025-10-16 17:15:07.181038
GS,"The Goldman Sachs Group, Inc.",Financial Services,Capital Markets,United States,240935010304.0,NYQ,USD,2025-10-16 17:15:08.259083
DD,"DuPont de Nemours, Inc.",Basic Materials,Specialty Chemicals,United States,32852719616.0,NYQ,USD,2025-10-16 17:15:09.375955
K,Kellanova,Consumer Defensive,Packaged Foods,United States,28799176704.0,NYQ,USD,2025-10-16 17:15:10.426526
LIN.DE,Linde plc,,,,180342603776.0,GER,EUR,2025-10-16 17:15:11.538199
AWK,"American Water Works Company, Inc.",Utilities,Utilities - Regulated Water,United States,27980058624.0,NYQ,USD,2025-10-16 17:15:12.630456
VTR,"Ventas, Inc.",Real Estate,REIT - Healthcare Facilities,United States,31617560576.0,NYQ,USD,2025-10-16 17:15:13.683821
WAB,Westinghouse Air Brake Technologies Corporation,Industrials,Railroads,United States,33718806528.0,NYQ,USD,2025-10-16 17:15:14.739852
INVH,Invitation Homes Inc.,Real Estate,REIT - Residential,United States,17510580224.0,NYQ,USD,2025-10-16 17:15:15.966533
AI.PA,L'Air Liquide S.A.,Basic Materials,Specialty Chemicals,France,100144168960.0,PAR,EUR,2025-10-16 17:15:17.243994
PAYX,"Paychex, Inc.",Technology,Software - Application,United States,45783932928.0,NMS,USD,2025-10-16 17:15:18.243039
CBRE,"CBRE Group, Inc.",Real Estate,Real Estate Services,United States,46748762112.0,NYQ,USD,2025-10-16 17:15:19.367037
EXE,Expand Energy Corporation,Energy,Oil & Gas E&P,United States,24555200512.0,NMS,USD,2025-10-16 17:15:20.626541
NKE,"NIKE, Inc.",Consumer Cyclical,Footwear & Accessories,United States,99783319552.0,NYQ,USD,2025-10-16 17:15:21.653083
VLO,Valero Energy Corporation,Energy,Oil & Gas Refining & Marketing,United States,50184237056.0,NYQ,USD,2025-10-16 17:15:22.777842
FTNT,"Fortinet, Inc.",Technology,Software - Infrastructure,United States,63255265280.0,NMS,USD,2025-10-16 17:15:23.791883
PEP,"PepsiCo, Inc.",Consumer Defensive,Beverages - Non-Alcoholic,United States,210830180352.0,NMS,USD,2025-10-16 17:15:24.845333
CNP,"CenterPoint Energy, Inc.",Utilities,Utilities - Regulated Electric,United States,26127652864.0,NYQ,USD,2025-10-16 17:15:25.860680
APD,"Air Products and Chemicals, Inc.",Basic Materials,Specialty Chemicals,United States,57029369856.0,NYQ,USD,2025-10-16 17:15:26.884980
MOS,The Mosaic Company,Basic Materials,Agricultural Inputs,United States,9549914112.0,NYQ,USD,2025-10-16 17:15:28.020379
BK,The Bank of New York Mellon Corporation,Financial Services,Banks - Diversified,United States,77216817152.0,NYQ,USD,2025-10-16 17:15:29.213548
KO,The Coca-Cola Company,Consumer Defensive,Beverages - Non-Alcoholic,United States,291849764864.0,NYQ,USD,2025-10-16 17:15:30.244995
INTC,Intel Corporation,Technology,Semiconductors,United States,179841859584.0,NMS,USD,2025-10-16 17:15:31.315548
KR,The Kroger Co.,Consumer Defensive,Grocery Stores,United States,45999808512.0,NYQ,USD,2025-10-16 17:15:32.425870
TSCO,Tractor Supply Company,Consumer Cyclical,Specialty Retail,United States,29454714880.0,NMS,USD,2025-10-16 17:15:33.785934
DOV,Dover Corporation,Industrials,Specialty Industrial Machinery,United States,22728665088.0,NYQ,USD,2025-10-16 17:15:34.800776
OR.PA,L'Oréal S.A.,Consumer Defensive,Household & Personal Products,France,204987662336.0,PAR,EUR,2025-10-16 17:15:35.965743
BDX,"Becton, Dickinson and Company",Healthcare,Medical Instruments & Supplies,United States,52191993856.0,NYQ,USD,2025-10-16 17:15:37.095241
CRWD,"CrowdStrike Holdings, Inc.",Technology,Software - Infrastructure,United States,122225188864.0,NMS,USD,2025-10-16 17:15:38.103148
BAC,Bank of America Corporation,Financial Services,Banks - Diversified,United States,381319020544.0,NYQ,USD,2025-10-16 17:15:39.120650
BNP.PA,BNP Paribas SA,Financial Services,Banks - Regional,France,87102373888.0,PAR,EUR,2025-10-16 17:15:40.199765
FDX,FedEx Corporation,Industrials,Integrated Freight & Logistics,United States,56101949440.0,NYQ,USD,2025-10-16 17:15:41.180375
TTWO,"Take-Two Interactive Software, Inc.",Communication Services,Electronic Gaming & Multimedia,United States,48364396544.0,NMS,USD,2025-10-16 17:15:42.318807
ABT,Abbott Laboratories,Healthcare,Medical Devices,United States,224832487424.0,NYQ,USD,2025-10-16 17:15:43.411950
NEE,"NextEra Energy, Inc.",Utilities,Utilities - Regulated Electric,United States,177696358400.0,NYQ,USD,2025-10-16 17:15:44.423800
GLW,Corning Incorporated,Technology,Electronic Components,United States,74482991104.0,NYQ,USD,2025-10-16 17:15:45.502118
AIR.PA,Airbus SE,Industrials,Aerospace & Defense,Netherlands,161838219264.0,PAR,EUR,2025-10-16 17:15:46.662832
CF,"CF Industries Holdings, Inc.",Basic Materials,Agricultural Inputs,United States,13903758336.0,NYQ,USD,2025-10-16 17:15:47.982981
DHR,Danaher Corporation,Healthcare,Diagnostics & Research,United States,150170337280.0,NYQ,USD,2025-10-16 17:15:49.146076
CAT,Caterpillar Inc.,Industrials,Farm & Heavy Construction Machinery,United States,253348708352.0,NYQ,USD,2025-10-16 17:15:50.316976
AMP,"Ameriprise Financial, Inc.",Financial Services,Asset Management,United States,45124501504.0,NYQ,USD,2025-10-16 17:15:51.330315
ES,Eversource Energy,Utilities,Utilities - Regulated Electric,United States,26805649408.0,NYQ,USD,2025-10-16 17:15:52.358010
NXPI,NXP Semiconductors N.V.,Technology,Semiconductors,Netherlands,54955937792.0,NMS,USD,2025-10-16 17:15:53.506015
PNW,Pinnacle West Capital Corporation,Utilities,Utilities - Regulated Electric,United States,11239895040.0,NYQ,USD,2025-10-16 17:15:54.560461
WDC,Western Digital Corporation,Technology,Computer Hardware,United States,43953242112.0,NMS,USD,2025-10-16 17:15:55.662191
J,Jacobs Solutions Inc.,Industrials,Engineering & Construction,United States,18879590400.0,NYQ,USD,2025-10-16 17:15:57.011773
CSX,CSX Corporation,Industrials,Railroads,United States,68148645888.0,NMS,USD,2025-10-16 17:15:58.136376
IT,"Gartner, Inc.",Technology,Information Technology Services,United States,18000881664.0,NYQ,USD,2025-10-16 17:15:59.150105
BRO,"Brown & Brown, Inc.",Financial Services,Insurance Brokers,United States,29527527424.0,NYQ,USD,2025-10-16 17:16:00.262967
MAS,Masco Corporation,Industrials,Building Products & Equipment,United States,14222071808.0,NYQ,USD,2025-10-16 17:16:01.352617
NOVOb.CO,Novo Nordisk A/S,,,,,YHD,,2025-10-16 17:16:02.484047
ATO,Atmos Energy Corporation,Utilities,Utilities - Regulated Gas,United States,28703219712.0,NYQ,USD,2025-10-16 17:16:03.611793
C,Citigroup Inc.,Financial Services,Banks - Diversified,United States,176272883712.0,NYQ,USD,2025-10-16 17:16:04.730243
BKR,Baker Hughes Company,Energy,Oil & Gas Equipment & Services,United States,44295548928.0,NMS,USD,2025-10-16 17:16:05.878343
STT,State Street Corporation,Financial Services,Asset Management,United States,32775321600.0,NYQ,USD,2025-10-16 17:16:07.014950
HAL,Halliburton Company,Energy,Oil & Gas Equipment & Services,United States,18795614208.0,NYQ,USD,2025-10-16 17:16:08.024616
NOVN.SW,Novartis AG,Healthcare,Drug Manufacturers - General,Switzerland,201444884480.0,EBS,CHF,2025-10-16 17:16:09.207058
WRB,W. R. Berkley Corporation,Financial Services,Insurance - Property & Casualty,United States,28208005120.0,NYQ,USD,2025-10-16 17:16:10.301844
PLD,"Prologis, Inc.",Real Estate,REIT - Industrial,United States,113380581376.0,NYQ,USD,2025-10-16 17:16:11.814238
MUV2.DE,Münchener Rückversicherungs-Gesellschaft Aktiengesellschaft in München,Financial Services,Insurance - Reinsurance,Germany,71801577472.0,GER,EUR,2025-10-16 17:16:13.035143
TMUS,"T-Mobile US, Inc.",Communication Services,Telecom Services,United States,256775602176.0,NMS,USD,2025-10-16 17:16:14.259903
TKO,"TKO Group Holdings, Inc.",Communication Services,Entertainment,United States,15618328576.0,NYQ,USD,2025-10-16 17:16:15.293894
ADP,"Automatic Data Processing, Inc.",Technology,Software - Application,United States,114366898176.0,NMS,USD,2025-10-16 17:16:16.428376
ORLY,"O'Reilly Automotive, Inc.",Consumer Cyclical,Auto Parts,United States,86716358656.0,NMS,USD,2025-10-16 17:16:17.514828
CSCO,"Cisco Systems, Inc.",Technology,Communication Equipment,United States,275201818624.0,NMS,USD,2025-10-16 17:16:18.675380
SYK,Stryker Corporation,Healthcare,Medical Devices,United States,141302693888.0,NYQ,USD,2025-10-16 17:16:19.712073
VMC,Vulcan Materials Company,Basic Materials,Building Materials,United States,39983411200.0,NYQ,USD,2025-10-16 17:16:20.803081
FITB,Fifth Third Bancorp,Financial Services,Banks - Regional,United States,27609749504.0,NMS,USD,2025-10-16 17:16:21.905852
ROST,"Ross Stores, Inc.",Consumer Cyclical,Apparel Retail,United States,50995478528.0,NMS,USD,2025-10-16 17:16:22.985197
ISRG,"Intuitive Surgical, Inc.",Healthcare,Medical Instruments & Supplies,United States,157274406912.0,NMS,USD,2025-10-16 17:16:24.004039
WY,Weyerhaeuser Company,Real Estate,REIT - Specialty,United States,17316263936.0,NYQ,USD,2025-10-16 17:16:25.300950
ODFL,"Old Dominion Freight Line, Inc.",Industrials,Trucking,United States,29070458880.0,NMS,USD,2025-10-16 17:16:26.340471
DG,Dollar General Corporation,Consumer Defensive,Discount Stores,United States,23319134208.0,NYQ,USD,2025-10-16 17:16:28.084784
RWE.DE,RWE Aktiengesellschaft,Utilities,Utilities - Diversified,Germany,30096080896.0,GER,EUR,2025-10-16 17:16:29.465178
IDXX,"IDEXX Laboratories, Inc.",Healthcare,Diagnostics & Research,United States,51565826048.0,NMS,USD,2025-10-16 17:16:30.633198
LIN,Linde plc,Basic Materials,Specialty Chemicals,United Kingdom,210552094720.0,NMS,USD,2025-10-16 17:16:31.838318
BAS.DE,BASF SE,Basic Materials,Chemicals,Germany,38208876544.0,GER,EUR,2025-10-16 17:16:32.910249
HBAN,Huntington Bancshares Incorporated,Financial Services,Banks - Regional,United States,23109339136.0,NMS,USD,2025-10-16 17:16:34.142147
PAYC,"Paycom Software, Inc.",Technology,Software - Application,United States,11289190400.0,NYQ,USD,2025-10-16 17:16:35.169771
EOG,"EOG Resources, Inc.",Energy,Oil & Gas E&P,United States,59103784960.0,NYQ,USD,2025-10-16 17:16:36.230745
IEX,IDEX Corporation,Industrials,Specialty Industrial Machinery,United States,12539471872.0,NYQ,USD,2025-10-16 17:16:37.348555
AKAM,"Akamai Technologies, Inc.",Technology,Software - Infrastructure,United States,10498689024.0,NMS,USD,2025-10-16 17:16:38.375155
BX,Blackstone Inc.,Financial Services,Asset Management,United States,199591182336.0,NYQ,USD,2025-10-16 17:16:39.415913
OXY,Occidental Petroleum Corporation,Energy,Oil & Gas E&P,United States,41213571072.0,NYQ,USD,2025-10-16 17:16:40.485292
MC.PA,"LVMH Moët Hennessy - Louis Vuitton, Société Européenne",Consumer Cyclical,Luxury Goods,France,298223337472.0,PAR,EUR,2025-10-16 17:16:41.578168
CLX,The Clorox Company,Consumer Defensive,Household & Personal Products,United States,14454522880.0,NYQ,USD,2025-10-16 17:16:42.747083
SBAC,SBA Communications Corporation,Real Estate,REIT - Specialty,United States,21286815744.0,NMS,USD,2025-10-16 17:16:43.942010
CON.DE,Continental Aktiengesellschaft,Consumer Cyclical,Auto Parts,Germany,10872325120.0,GER,EUR,2025-10-16 17:16:44.969961
PH,Parker-Hannifin Corporation,Industrials,Specialty Industrial Machinery,United States,92822618112.0,NYQ,USD,2025-10-16 17:16:46.093255
SW,Smurfit Westrock Plc,Consumer Cyclical,Packaging & Containers,Ireland,21882261504.0,NYQ,USD,2025-10-16 17:16:47.235296
INTU,Intuit Inc.,Technology,Software - Application,United States,182489006080.0,NMS,USD,2025-10-16 17:16:48.610249
SPGI,S&P Global Inc.,Financial Services,Financial Data & Stock Exchanges,United States,145727324160.0,NYQ,USD,2025-10-16 17:16:49.685424
CB,Chubb Limited,Financial Services,Insurance - Property & Casualty,Switzerland,106378551296.0,NYQ,USD,2025-10-16 17:16:50.901027
BLK,"BlackRock, Inc.",Financial Services,Asset Management,United States,187406565376.0,NYQ,USD,2025-10-16 17:16:52.144528
DHI,"D.R. Horton, Inc.",Consumer Cyclical,Residential Construction,United States,45624819712.0,NYQ,USD,2025-10-16 17:16:53.240570
HPQ,HP Inc.,Technology,Computer Hardware,United States,26016489472.0,NYQ,USD,2025-10-16 17:16:54.540239
LEN,Lennar Corporation,Consumer Cyclical,Residential Construction,United States,30770591744.0,NYQ,USD,2025-10-16 17:16:55.661912
NFLX,"Netflix, Inc.",Communication Services,Entertainment,United States,509911597056.0,NMS,USD,2025-10-16 17:16:56.763353
DAY,Dayforce Inc,Technology,Software - Application,United States,10785522688.0,NYQ,USD,2025-10-16 17:16:58.058893
UAL,"United Airlines Holdings, Inc.",Industrials,Airlines,United States,33567780864.0,NMS,USD,2025-10-16 17:16:59.141877
COST,Costco Wholesale Corporation,Consumer Defensive,Discount Stores,United States,416539672576.0,NMS,USD,2025-10-16 17:17:00.575085
TFC,Truist Financial Corporation,Financial Services,Banks - Regional,United States,55013752832.0,NYQ,USD,2025-10-16 17:17:01.649638
EPAM,"EPAM Systems, Inc.",Technology,Information Technology Services,United States,7996126720.0,NYQ,USD,2025-10-16 17:17:02.691815
GRMN,Garmin Ltd.,Technology,Scientific & Technical Instruments,Switzerland,47857844224.0,NYQ,USD,2025-10-16 17:17:03.856711
SAN.MC,"Banco Santander, S.A.",Financial Services,Banks - Diversified,Spain,126533214208.0,MCE,EUR,2025-10-16 17:17:04.969995
XEL,Xcel Energy Inc.,Utilities,Utilities - Regulated Electric,United States,48627060736.0,NMS,USD,2025-10-16 17:17:06.035692
PNC,"The PNC Financial Services Group, Inc.",Financial Services,Banks - Regional,United States,71079911424.0,NYQ,USD,2025-10-16 17:17:07.103682
DGX,Quest Diagnostics Incorporated,Healthcare,Diagnostics & Research,United States,21078718464.0,NYQ,USD,2025-10-16 17:17:08.190652
GPC,Genuine Parts Company,Consumer Cyclical,Auto Parts,United States,18508314624.0,NYQ,USD,2025-10-16 17:17:09.416567
ABBV,AbbVie Inc.,Healthcare,Drug Manufacturers - General,United States,401300193280.0,NYQ,USD,2025-10-16 17:17:10.676719
SNA,Snap-on Incorporated,Industrials,Tools & Accessories,United States,17926987776.0,NYQ,USD,2025-10-16 17:17:12.111691
IR,Ingersoll Rand Inc.,Industrials,Specialty Industrial Machinery,United States,30305753088.0,NYQ,USD,2025-10-16 17:17:13.414956
AMAT,"Applied Materials, Inc.",Technology,Semiconductor Equipment & Materials,United States,181299888128.0,NMS,USD,2025-10-16 17:17:14.689998
TJX,"The TJX Companies, Inc.",Consumer Cyclical,Apparel Retail,United States,159511379968.0,NYQ,USD,2025-10-16 17:17:15.962621
ADI,"Analog Devices, Inc.",Technology,Semiconductors,United States,119567302656.0,NMS,USD,2025-10-16 17:17:17.062831
ALB,Albemarle Corporation,Basic Materials,Specialty Chemicals,United States,11465942016.0,NYQ,USD,2025-10-16 17:17:18.267995
VTRS,Viatris Inc.,Healthcare,Drug Manufacturers - Specialty & Generic,United States,11851089920.0,NMS,USD,2025-10-16 17:17:19.308803
NTRS,Northern Trust Corporation,Financial Services,Asset Management,United States,24456034304.0,NMS,USD,2025-10-16 17:17:20.445131
HII,"Huntington Ingalls Industries, Inc.",Industrials,Aerospace & Defense,United States,11223997440.0,NYQ,USD,2025-10-16 17:17:21.480010
RL,Ralph Lauren Corporation,Consumer Cyclical,Apparel Manufacturing,United States,19610013696.0,NYQ,USD,2025-10-16 17:17:22.636814
F,Ford Motor Company,Consumer Cyclical,Auto Manufacturers,United States,46644363264.0,NYQ,USD,2025-10-16 17:17:23.727140
STE,STERIS plc,Healthcare,Medical Devices,United States,23555014656.0,NYQ,USD,2025-10-16 17:17:24.718563
DELL,Dell Technologies Inc.,Technology,Computer Hardware,United States,105556533248.0,NYQ,USD,2025-10-16 17:17:25.867760
KEY,KeyCorp,Financial Services,Banks - Regional,United States,18744938496.0,NYQ,USD,2025-10-16 17:17:26.999244
AJG,Arthur J. Gallagher & Co.,Financial Services,Insurance Brokers,United States,72376410112.0,NYQ,USD,2025-10-16 17:17:27.987304
VRTX,Vertex Pharmaceuticals Incorporated,Healthcare,Biotechnology,United States,105843195904.0,NMS,USD,2025-10-16 17:17:29.116372
GWW,"W.W. Grainger, Inc.",Industrials,Industrial Distribution,United States,45830942720.0,NYQ,USD,2025-10-16 17:17:30.295250
